Duration,Volatilityofportfolio,Cost,Returns
0,129.09935375399465,0,0.0
30,129.0993719778522,1.4398340000000003,0.0
60,129.09940842575088,1.4524649999999997,0.0
